model,mean_accuracy,std_accuracy,mean_macro_f1,std_macro_f1,mean_weighted_f1,total_training_seconds,parameters
transformer,0.9338598963283253,0.019782348682544162,0.9321830941580684,0.01833788978168472,0.9336330898262931,865.8461220264435,289700
lstm_transformer,0.906340879462132,0.013999789617828684,0.903236010110365,0.01493353412887499,0.9062944001053665,661.5861089229584,255268
lstm_attention,0.8971412393844256,0.01068708853819983,0.8933273665523407,0.012496586141613796,0.8966619679910444,778.975236415863,225188
lstm,0.8668782686973202,0.01954721644626624,0.8625616357040506,0.022565554898673304,0.8678941936399738,950.1840567588806,151716
